Alvarado, Cecilia    ,"Director EOPS - EOPS",(714) 432-5918,calvarado28@occ.cccd.edu
test,"test",test,Avery, Brad  
Director, Marine Program - Sailing Center,"(714) 432-0202 x26240",bavery@occ.cccd.edu,Ballinger, Kevin  
Vice President - Office of Instruction,"(714) 432-5015",kballinger@occ.cccd.edu,Barriga, Ruben S.    
Community And College Support Supervisor - Swap Meet,"(714) 432-0202 x26316",rbarriga2@occ.cccd.edu,Bennett, Douglas  
Executive Director, College Advancement - Foundation,"(714) 432-5126",dbennett@cccd.edu,Blackstock, Vicki  
Lecture Services Supervisor - Large Group Instruction,"(714) 432-5754",vblackstock@occ.cccd.edu,Bradfield, Tanisha L    
Director, Financial Aid - Financial Aid,"(714) 432-5509",tbradfield2@occ.cccd.edu,Capoccia-White, Rozanne    
Dean, Enrollment Services - Enrollment Services,"(714) 432-5991",rcapoccia@occ.cccd.edu,Clevenger, Julia
Director, College And Community Services - Administrative Services,"(714) 432-5074",jclevenger@occ.cccd.edu,